movieid1,movieid2,rating,username
79132,98243,0,user7
79132,120783,1,user7
79132,5692,0,user7
79132,68157,0,user7
79132,1347,0,user7
79132,1029,0,user7
79132,96655,0,user7
79132,74458,1,user7
79132,5477,0,user7
79132,115556,0,user7
79132,70286,0,user7
79132,66302,0,user7
79132,1787,0,user7
79132,92257,0,user7
79132,58559,1,user7
79132,102880,1,user7
79132,72998,0,user7
79132,825,0,user7
79132,1434,0,user7
858,1213,1,user7
858,1198,0,user7
858,25809,1,user7
858,78142,0,user7
858,260,0,user7
858,26337,0,user7
858,6573,0,user7
858,81788,0,user7
858,1193,0,user7
858,8942,0,user7
858,51312,0,user7
858,112640,0,user7
858,1196,0,user7
858,2276,0,user7
858,127202,0,user7
858,1221,1,user7
858,1216,0,user7
858,4259,0,user7
858,2324,0,user7
858,104314,0,user7
89745,88140,1,user7
89745,110102,1,user7
89745,87232,1,user7
89745,130746,0,user7
89745,112640,0,user7
89745,77561,1,user7
89745,983,0,user7
89745,71057,0,user7
89745,86332,1,user7
89745,1107,0,user7
89745,6889,0,user7
89745,102125,1,user7
89745,749,0,user7
89745,95875,1,user7
89745,130069,0,user7
89745,60040,1,user7
89745,91529,1,user7
89745,1433,0,user7
89745,59315,1,user7
89745,1577,0,user7
69122,68157,1,user7
69122,4962,0,user7
69122,102469,0,user7
69122,71535,1,user7
69122,675,0,user7
69122,73017,0,user7
69122,130580,0,user7
69122,98217,0,user7
69122,86778,0,user7
69122,6337,0,user7
69122,60286,1,user7
69122,95600,0,user7
44191,113573,1,user7
1270,2011,1,user7
1270,2012,1,user7
1270,130804,0,user7
1270,45672,0,user7
69122,70286,0,user7
69122,3369,0,user7
69122,117368,0,user7
69122,3407,0,user7
69122,72998,0,user7
44191,32587,1,user7
44191,104076,0,user7
44191,88003,0,user7
44191,49272,1,user7
44191,79293,1,user7
44191,95875,0,user7
44191,48780,0,user7
44191,78097,0,user7
44191,112818,0,user7
44191,6874,0,user7
44191,1142,0,user7
44191,73017,1,user7
44191,97042,0,user7
44191,80295,0,user7
44191,96610,0,user7
44191,57526,0,user7
44191,1006,0,user7
44191,33794,1,user7
44191,92257,0,user7
1270,1196,1,user7
1270,7452,0,user7
1270,1240,1,user7
1270,96281,0,user7
1270,1198,0,user7
1270,26459,0,user7
1270,79293,0,user7
1270,2683,0,user7
1270,1097,0,user7
1270,74230,0,user7
1270,85414,0,user7
1270,98961,0,user7
1270,26801,0,user7
1270,56003,0,user7
1270,4368,0,user7
1270,26504,0,user7
74458,8361,1,user7
74458,2676,1,user7
74458,81591,1,user7
74458,1723,0,user7
74458,65225,0,user7
74458,54286,0,user7
74458,70286,0,user7
74458,130746,0,user7
74458,4164,0,user7
74458,69122,0,user7
74458,868,0,user7
74458,8781,1,user7
74458,122948,0,user7
74458,66320,0,user7
74458,98341,0,user7
74458,68157,0,user7
74458,100538,0,user7
74458,58376,0,user7
112852,109487,1,user7
112852,1591,0,user7
112852,109951,0,user7
112852,59315,1,user7
112852,111759,1,user7
112852,6309,0,user7
112852,110102,1,user7
112852,90603,0,user7
112852,119565,0,user7
112852,106072,1,user7
112852,6365,0,user7
112852,1181,0,user7
112852,71057,1,user7
112852,7411,0,user7
112852,88140,1,user7
112852,2761,0,user7
112852,111362,1,user7
112852,31636,0,user7
112852,89745,1,user7
72998,102445,1,user7
72998,115664,0,user7
72998,59315,1,user7
72998,43248,0,user7
72998,780,1,user7
72998,53375,1,user7
72998,1852,0,user7
72998,117474,0,user7
72998,68358,1,user7
72998,56801,0,user7
72998,83575,0,user7
72998,111759,1,user7
72998,72953,0,user7
72998,93363,0,user7
1721,109487,0,user7
1721,70661,0,user7
72998,73017,0,user7
72998,93563,0,user7
72998,676,0,user7
72998,70286,1,user7
72998,5999,0,user7
1721,53125,0,user7
1721,1704,0,user7
1721,78222,0,user7
1721,57368,0,user7
1721,86785,0,user7
1721,1682,0,user7
1721,46808,0,user7
1721,780,0,user7
1721,109203,0,user7
1721,2028,0,user7
1721,3583,0,user7
1721,82235,0,user7
1721,1580,0,user7
1721,88044,1,user7
1721,118916,1,user7
1721,131122,0,user7
1721,2762,0,user7
1721,87518,0,user7
88125,2571,1,user7
88125,54001,1,user7
88125,72724,0,user7
88125,4990,0,user7
88125,87232,0,user7
88125,980,0,user7
88125,1371,0,user7
88125,2092,0,user7
88125,89745,1,user7
88125,584,0,user7
88125,1373,1,user7
88125,118696,1,user7
88125,91500,1,user7
88125,69844,1,user7
88125,100588,0,user7
88125,68157,1,user7
88125,104076,0,user7
88125,81834,1,user7
88125,84766,0,user7
88125,4896,1,user7
96079,63113,1,user7
96079,114182,0,user7
96079,129432,1,user7
96079,98809,0,user7
96079,864,0,user7
96079,124843,1,user7
96079,5040,0,user7
96079,102445,0,user7
96079,129013,0,user7
96079,117752,0,user7
96079,89745,0,user7
96079,1107,0,user7
96079,50641,0,user7
96079,91529,1,user7
96079,7113,0,user7
96079,79293,1,user7
96079,86785,0,user7
96079,96610,1,user7
96079,1851,0,user7
98809,118696,1,user7
98809,7153,1,user7
98809,89745,0,user7
98809,985,0,user7
98809,5952,1,user7
98809,91500,1,user7
98809,1486,0,user7
98809,26403,1,user7
98809,102445,0,user7
98809,1026,0,user7
98809,2116,1,user7
98809,111659,0,user7
98809,102125,0,user7
98809,106489,1,user7
98809,96079,0,user7
98809,8780,0,user7
98809,3803,0,user7
98809,4993,1,user7
98809,91529,0,user7
98809,2591,0,user7
81834,69844,1,user7
81834,884,0,user7
81834,26183,0,user7
81834,111659,0,user7
81834,40815,1,user7
81834,123288,0,user7
81834,73804,0,user7
81834,631,0,user7
81834,91500,0,user7
81834,439,0,user7
81834,27368,0,user7
81834,5816,1,user7
81834,87232,0,user7
81834,96933,0,user7
81834,26160,0,user7
81834,54001,1,user7
81834,43248,0,user7
81834,91353,0,user7
81834,86298,0,user7
81834,88125,1,user7
2628,5378,1,user7
2628,6365,1,user7
2628,1196,1,user7
2628,1580,0,user7
2628,1210,1,user7
5445,3895,1,user4
5445,66981,0,user4
89745,91529,1,user13
5445,4370,1,user4
89745,110102,1,user13
68157,79132,1,user3
58559,66981,0,user5
4226,2997,1,user7
58559,91529,1,user5
4226,2959,1,user7
58559,59315,1,user5
4226,8812,0,user7
58559,45134,0,user5
68157,99901,0,user3
5445,2916,1,user4
4226,42004,1,user7
4226,2571,0,user7
5445,130642,0,user4
4226,82298,1,user7
89745,130069,0,user13
68157,1917,0,user3
58559,588,0,user5
89745,95875,0,user13
4226,7163,1,user7
89745,87232,1,user13
68157,58559,0,user3
58559,33794,1,user5
89745,983,0,user13
5445,112640,0,user4
4226,1611,0,user7
89745,1577,0,user13
4226,7361,1,user7
58559,25809,1,user5
89745,59315,1,user13
4226,114861,0,user7
58559,259,1,user5
89745,77561,1,user13
4226,76063,0,user7
4226,3019,0,user7
5445,3856,0,user4
58559,1566,0,user5
89745,86332,1,user13
5445,74668,0,user4
4226,2858,0,user7
58559,48516,0,user5
5445,4993,0,user4
58559,847,0,user5
4226,95875,0,user7
58559,60069,0,user5
4226,114859,0,user7
68157,69122,0,user3
58559,108932,0,user5
68157,2324,0,user3
58559,684,0,user5
58559,57526,0,user5
5445,4990,0,user4
68157,57774,0,user3
4226,110792,0,user7
4226,1065,0,user7
68157,48518,0,user3
58559,103042,1,user5
64957,588,0,user13
4226,77682,0,user7
4226,8973,0,user7
4226,4993,0,user7
64957,101301,0,user13
58559,90603,1,user5
68157,1776,0,user3
64957,1566,0,user13
64957,2327,0,user13
64957,78095,0,user13
64957,1558,0,user13
64957,84601,0,user13
68157,74458,1,user3
64957,88405,1,user13
58559,79132,1,user5
73106,93831,1,user7
64957,72998,0,user13
58559,856,0,user5
73106,66517,0,user7
58559,95875,1,user5
73106,104233,0,user7
73106,39715,1,user7
76093,53121,1,user13
73106,275,1,user7
73106,117358,0,user7
76093,2222,0,user13
76093,79293,0,user13
73106,51194,1,user7
76093,68954,1,user13
76093,2123,1,user13
73106,310,0,user7
76093,81847,1,user13
73106,102469,0,user7
76093,78499,1,user13
73106,93270,0,user7
76093,79139,0,user13
73106,146,0,user7
76093,79091,1,user13
73106,102070,0,user7
73106,4718,1,user7
5445,7145,0,user4
73106,123947,0,user7
73106,63069,0,user7
5952,4993,1,user3
73106,100161,0,user7
5445,5418,1,user4
53125,45722,1,user13
5952,7153,1,user3
73106,59429,1,user7
5952,106489,1,user3
73106,352,0,user7
53125,6539,1,user13
73106,47306,0,user7
53125,86880,1,user13
73106,50189,1,user7
4993,130512,0,user5
5445,5952,0,user4
53125,1721,0,user13
5952,118696,1,user3
53125,97938,0,user13
5952,98809,1,user3
53125,54001,1,user13
110655,74370,0,user7
53125,845,0,user13
53125,53464,0,user13
53125,41569,0,user13
110655,44717,1,user7
110655,1222,0,user7
4993,5070,0,user5
110655,95543,1,user7
5952,4306,0,user3
110655,275,0,user7
5952,3383,0,user3
4993,106489,1,user5
4993,4306,0,user5
72998,780,1,user13
72998,73017,0,user13
5445,5349,1,user4
110655,1566,1,user7
5952,83575,0,user3
110655,2078,1,user7
4993,2217,0,user5
5952,45186,0,user3
72998,79132,1,user13
72998,115664,0,user13
5952,5349,0,user3
110655,238,0,user7
110655,45517,1,user7
110655,86298,1,user7
110655,2392,1,user7
4993,26403,0,user5
4993,5349,1,user5
72998,111759,1,user13
110655,101142,1,user7
110655,85,0,user7
110655,2687,1,user7
5445,47,0,user4
110655,112990,0,user7
5952,979,0,user3
72998,59315,0,user13
110655,72998,0,user7
5445,1052,0,user4
110655,57421,1,user7
110655,87446,1,user7
4993,6539,1,user5
110655,96588,0,user7
5445,4963,0,user4
4993,5676,0,user5
5445,3750,0,user4
59315,110102,1,user3
111921,103539,0,user7
4993,5952,1,user10
59315,60069,0,user3
1721,88044,0,user13
2571,103228,1,user6
1721,70661,0,user13
72998,43248,0,user13
4993,98809,1,user5
72998,93363,0,user13
72998,56801,0,user13
4993,5877,0,user5
110655,105217,1,user7
4993,6165,0,user5
111921,99839,0,user7
5445,81788,0,user4
4993,110119,0,user5
4993,2116,0,user5
111921,681,0,user7
4993,5952,1,user5
111921,111659,0,user7
2571,6934,1,user6
111921,5269,1,user7
59315,58559,1,user3
111921,126399,1,user7
111921,70661,1,user7
2571,95875,1,user6
111921,4389,0,user7
59315,89745,1,user3
4993,7153,1,user5
4993,6501,0,user5
4993,118696,1,user10
1721,78222,0,user13
111921,331,1,user7
4993,49272,0,user5
2571,6365,1,user6
59315,102051,1,user3
4993,7153,1,user10
4993,118696,1,user5
59315,86332,1,user3
4993,2571,1,user5
1721,109487,0,user13
59315,33794,1,user3
1721,1704,0,user13
2571,109487,1,user6
111921,96569,1,user7
60069,68954,1,user4
1721,46808,0,user13
59315,2213,0,user3
1721,118916,1,user13
111921,55255,0,user7
4993,106489,1,user10
111921,96821,1,user7
59315,68358,0,user3
2571,2762,0,user6
111921,726,0,user7
59315,106072,1,user3
1721,2762,0,user13
111921,53133,0,user7
60069,104076,1,user4
111921,109487,0,user7
4993,2217,0,user10
59315,54286,0,user3
2571,68791,1,user6
111921,111622,1,user7
4993,98809,1,user10
2571,70305,0,user6
59315,3191,0,user3
60069,4990,1,user4
4993,49272,0,user10
111921,42393,1,user7
2571,2959,0,user6
110,115065,0,user5
111921,3857,0,user7
110,27657,0,user5
106696,48,1,user13
111921,356,0,user7
106696,95167,1,user13
111921,108190,0,user7
106696,129935,0,user13
2571,1196,1,user6
4993,5877,0,user10
106696,119563,0,user13
110,9002,1,user5
106696,103141,1,user13
106696,756,0,user13
87520,64497,0,user13
2571,59315,0,user6
60069,5410,1,user4
2571,1580,1,user6
4993,26403,0,user10
2571,6537,1,user6
4993,5070,0,user10
4993,110119,0,user10
60069,2484,0,user4
87520,86332,1,user13
110,1213,0,user5
106696,1062,0,user13
110,457,0,user5
110,26401,0,user5
4993,5349,0,user10
106696,103335,1,user13
60069,59216,0,user4
87520,780,1,user13
87520,87430,1,user13
87520,112640,0,user13
2571,76291,0,user6
4993,2116,1,user10
4993,5676,0,user10
87520,72378,0,user13
4993,4306,0,user10
87520,120637,0,user13
60069,84637,1,user4
87520,69526,1,user13
60069,50872,1,user4
4993,130512,0,user10
60069,1071,0,user4
60069,1,1,user4
88125,69844,1,user13
88125,2571,1,user13
88125,4896,1,user13
88125,54001,1,user13
60069,72998,1,user4
88125,980,0,user13
88125,87232,1,user13
88125,81834,1,user13
88125,2092,0,user13
60069,104076,1,user7
60069,404,0,user7
60069,4990,1,user7
4993,6539,1,user10
60069,59216,0,user7
60069,59315,0,user7
1704,90866,0,user3
96079,63113,1,user13
4993,2571,0,user10
60069,2484,0,user7
96079,91529,1,user13
1704,2028,0,user3
96079,129432,0,user13
60069,84637,1,user7
96079,864,0,user13
4993,6165,0,user10
60069,50872,1,user7
96079,98809,0,user13
1704,1682,1,user3
60069,1071,0,user7
4993,6501,0,user10
60069,1,1,user7
96079,129013,0,user13
60069,72998,1,user7
96079,114182,0,user13
60069,59315,0,user4
60069,5410,0,user7
96079,5040,0,user13
60069,109487,0,user7
60069,109487,0,user4
96079,86785,0,user13
60069,68954,1,user7
56174,82364,0,user2
60069,404,0,user4
96079,1851,0,user13
60069,51019,0,user7
60069,108156,0,user7
1704,83158,0,user3
60069,150,0,user7
60069,58559,0,user7
60069,51019,0,user4
1704,2762,0,user3
74789,106696,1,user13
51662,116907,0,user7
74789,72998,1,user13
60069,108156,0,user4
51662,57774,0,user7
74789,73017,0,user13
60069,150,0,user4
1704,96569,1,user3
51662,118696,1,user7
74789,109364,0,user13
60069,58559,0,user4
74789,58452,0,user13
51662,2728,1,user7
51662,49272,0,user7
74789,69844,0,user13
51662,3750,0,user7
74789,2740,0,user13
1704,1961,1,user3
51662,112911,1,user7
51662,85025,1,user7
74789,594,0,user13
63082,7153,0,user10
74789,56757,1,user13
51662,32587,1,user7
1704,247,0,user3
51662,2658,0,user7
51662,47918,0,user7
1704,1784,1,user3
1203,1207,1,user6
51662,79796,1,user7
110,6818,0,user5
110,95167,0,user5
51662,33794,0,user7
51662,109673,1,user7
51662,3578,1,user7
110,589,0,user5
51662,44191,1,user7
110,25747,0,user5
63082,90866,1,user10
51662,71402,0,user7
110,5001,1,user5
51662,1232,0,user7
110,5995,0,user5
51662,1676,0,user7
51662,59315,0,user7
110,593,0,user5
56174,95875,0,user2
54286,101485,0,user4
110,98755,1,user5
54286,26282,0,user4
110,106100,0,user5
110,356,0,user5
54286,49272,1,user4
110,86066,0,user5
110,26012,0,user5
92259,8263,0,user7
110,106782,0,user5
92259,37844,0,user7
110,480,0,user5
92259,83264,0,user7
92259,5954,1,user7
54286,130804,1,user4
92259,109374,0,user7
318,293,0,user3
6377,114085,0,user5
318,259,0,user3
6377,4306,1,user5
54286,89774,0,user4
1203,1061,1,user6
6377,2980,0,user5
92259,25864,0,user7
56174,103249,1,user2
6377,4016,1,user5
6377,87876,1,user5
6377,6539,0,user5
6377,2588,0,user5
318,593,0,user3
6377,60259,1,user5
92259,87761,1,user7
6377,95313,1,user5
92259,71057,0,user7
6377,7153,0,user5
109487,2825,0,user12
109487,112852,1,user12
318,120637,0,user13
2762,3578,0,user5
54286,82202,1,user4
2762,130642,0,user5
92259,106782,0,user7
54286,6979,1,user4
6377,1774,0,user5
318,356,1,user3
6377,86298,1,user5
6377,106011,0,user5
54286,95875,1,user4
109487,90866,0,user12
318,129522,0,user13
2762,8970,0,user5
318,95875,0,user13
54286,59315,1,user4
56174,3702,0,user2
92259,73790,1,user7
318,26389,0,user3
92259,108493,0,user7
6377,45517,1,user5
6377,4886,1,user5
56174,59315,0,user2
54286,8665,1,user4
6377,1781,0,user5
318,129522,0,user3
92259,1784,1,user7
1089,296,1,user6
6377,2123,1,user5
92259,97921,0,user7
6377,8961,1,user5
1089,74944,1,user6
318,5608,0,user3
6377,2251,0,user5
92259,116539,0,user7
6377,1566,1,user5
54286,5418,1,user4
92259,55110,0,user7
318,50,0,user3
54286,58559,1,user4
92259,99114,0,user7
92259,108875,0,user7
92259,2943,0,user7
92259,780,0,user7
92259,79132,0,user7
2762,111726,0,user5
1089,70,1,user6
318,527,1,user3
54286,5070,0,user4
1089,2959,1,user6
109487,780,1,user12
318,296,0,user3
54286,101180,0,user4
1089,1213,1,user6
63082,1877,1,user10
1089,50,1,user6
109487,111759,1,user12
63082,70286,0,user10
54286,110968,0,user4
1089,1222,0,user6
63082,130588,1,user10
2762,81138,1,user5
318,593,0,user13
109487,130588,0,user12
63082,109397,1,user10
94777,60768,0,user7
318,296,0,user13
109487,83158,0,user12
94777,5170,0,user7
109487,37733,0,user12
63082,85414,0,user10
318,356,1,user13
2762,6,0,user5
109487,112183,0,user12
94777,1580,1,user7
2762,2028,0,user5
63082,58559,0,user10
109487,404,0,user12
318,98325,0,user13
94777,95875,1,user7
109487,107232,0,user12
94777,8875,0,user7
318,120110,0,user13
109487,111362,0,user12
94777,5459,1,user7
109487,79293,0,user12
94777,129348,0,user7
63082,856,1,user10
109487,106245,0,user12
2762,1061,1,user5
109487,295,0,user12
63082,191,0,user10
2762,2959,1,user5
94777,102125,1,user7
109487,112556,0,user12
2762,66352,0,user5
94777,5278,0,user7
94777,116539,0,user7
109487,1318,0,user12
63082,55253,1,user10
2762,6870,1,user5
63082,56367,0,user10
109487,3920,0,user12
94777,111759,0,user7
63082,675,0,user10
54286,2403,1,user4
109487,90249,0,user12
2762,2571,0,user5
63082,89000,0,user10
109487,115283,0,user12
2762,26769,0,user5
63082,68157,0,user10
94777,91630,1,user7
2762,2123,0,user5
54286,3890,0,user4
94777,1134,0,user7
2762,1214,0,user5
63082,60069,0,user10
94777,5094,0,user7
68954,60069,1,user6
54286,1137,0,user4
94777,780,1,user7
94777,95510,0,user7
72998,56801,1,user3
94777,44657,0,user7
94777,47918,0,user7
94777,130520,0,user7
56174,2274,0,user2
94777,94864,1,user7
68954,1704,0,user6
68954,78499,1,user6
110102,89745,1,user10
68954,588,0,user6
110102,88140,1,user10
6377,114085,0,user14
110102,59315,1,user10
110102,102125,1,user10
68954,79132,0,user6
110102,111362,1,user10
56174,74731,0,user2
110102,106072,1,user10
6377,4306,1,user14
63082,89767,0,user7
63082,3191,0,user7
110102,1555,0,user10
1240,66981,0,user5
63082,89000,0,user7
1240,1214,1,user5
68954,3527,0,user6
63082,70286,0,user7
1240,25809,0,user5
110102,112640,0,user10
63082,856,0,user7
6377,2980,0,user14
68954,124859,0,user6
110102,86332,1,user10
63082,130588,0,user7
1240,541,1,user5
72998,111759,1,user3
1240,79775,0,user5
1240,110508,0,user5
63082,109397,1,user7
72998,79132,0,user3
1240,6968,0,user5
63082,191,0,user7
72998,59315,0,user3
56174,83158,0,user2
1240,1036,1,user5
63082,55253,0,user7
1240,26459,0,user5
58047,69406,1,user13
56174,51662,0,user2
33794,7153,1,user4
72998,1852,0,user3
1240,92106,0,user5
63082,56367,0,user7
58047,66203,1,user13
1240,589,1,user5
63082,675,0,user7
1240,6537,1,user5
1240,89206,0,user5
72998,72953,0,user3
58047,60074,0,user13
72998,780,1,user3
1240,109487,0,user5
6377,6539,0,user14
72998,73017,0,user3
58047,56949,1,user13
33794,4134,0,user4
1240,68791,1,user5
33794,58559,1,user4
33794,49272,1,user4
1240,2571,1,user5
63082,85414,0,user7
72998,115664,0,user3
1240,127202,0,user5
63082,58559,0,user7
58047,111887,0,user13
1240,6934,1,user5
6377,4016,1,user14
58047,1954,0,user13
63082,273,0,user7
33794,96933,0,user4
63082,7153,0,user7
63082,60069,0,user7
6377,87876,1,user14
63082,1877,0,user7
33794,8636,1,user4
63082,5762,0,user7
58047,126575,0,user13
63082,90866,0,user7
63082,68157,0,user7
1240,1200,1,user5
58047,8705,0,user13
1240,95967,0,user5
58047,49286,1,user13
56174,73168,1,user2
72998,83575,0,user5
6377,60259,1,user14
72998,43248,1,user5
72998,115664,0,user5
72998,93363,0,user5
72998,59315,1,user5
72998,1852,0,user5
72998,43248,0,user3
72998,53375,1,user5
72998,780,1,user5
33794,2438,0,user4
6377,95313,1,user14
72998,73017,1,user5
33794,5952,1,user4
72998,117474,1,user3
56174,738,0,user2
72998,676,0,user5
6377,7153,0,user14
33794,130804,1,user4
6377,1774,0,user14
33794,6539,1,user4
6377,86298,1,user14
72998,56801,1,user6
1917,780,1,user13
1917,109487,1,user13
72998,93563,0,user5
1917,111659,0,user13
72998,68358,1,user5
72998,102445,1,user6
33794,5418,1,user4
1917,1580,0,user13
72998,56801,1,user5
1917,95875,0,user13
72998,115664,0,user6
1917,102880,1,user13
72998,102445,1,user5
72998,102445,0,user3
1917,2683,0,user13
72998,70286,1,user5
72998,59315,0,user6
1917,5877,0,user13
72998,93363,1,user6
72998,72953,0,user5
72998,5999,1,user5
72998,70286,1,user3
72998,111759,1,user5
72998,79132,1,user5
72998,111759,1,user6
6377,106011,0,user14
110102,115998,0,user10
72998,73017,0,user6
33794,4455,0,user4
72998,117474,0,user6
72998,93563,0,user6
6377,45517,1,user14
33794,3332,0,user4
72998,70286,1,user6
72998,93363,1,user3
33794,32587,0,user4
88125,4896,1,user3
86644,128914,0,user5
86644,780,0,user5
88125,100588,0,user3
6377,1781,0,user14
86644,85020,0,user5
79132,1347,0,user13
86644,583,0,user5
79132,66302,0,user13
88125,89745,0,user3
86644,87520,1,user5
45722,41569,0,user6
86644,6383,1,user5
45722,33493,0,user6
110102,95875,0,user10
110102,77561,1,user10
110102,112852,1,user10
72998,56801,1,user4
110102,8900,0,user10
318,593,1,user9
49272,33794,0,user3
110102,823,0,user10
45722,2021,1,user6
318,120110,1,user9
81591,230,0,user5
72998,68358,1,user6
79132,102880,0,user13
79132,5692,0,user13
72998,780,1,user6
88125,69844,1,user3
88125,81834,1,user3
33794,8961,0,user4
86644,3540,0,user5
79132,68157,0,user13
6377,2123,1,user14
45722,86880,1,user6
33794,1815,0,user4
79132,58559,1,user13
33794,130520,0,user4
88125,2571,0,user3
79132,98243,0,user13
88125,2092,0,user3
86644,129937,0,user5
79132,74458,1,user13
6377,8961,1,user14
88125,977,0,user3
88125,118696,1,user3
72998,43248,0,user4
110102,1575,0,user10
45722,40815,1,user6
56174,57368,1,user2
81591,1886,1,user5
110102,126599,0,user10
45722,6539,1,user6
364,1907,1,user13
72998,83575,0,user4
81591,79293,0,user5
364,588,1,user13
49272,59315,0,user3
81591,79132,0,user5
364,6889,1,user13
6377,4886,1,user14
88125,54001,1,user3
86644,102903,1,user5
88125,4990,0,user3
86644,102716,1,user5
88125,584,0,user3
45722,53125,1,user6
88125,1373,0,user3
86644,526,0,user5
86644,92096,0,user5
88125,84766,0,user3
86644,61248,1,user5
86644,79695,0,user5
88125,104076,0,user3
86644,67923,1,user5
33794,44191,0,user4
86644,120637,0,user5
86644,651,0,user5
6377,1566,1,user14
86644,4369,1,user5
318,129522,1,user9
45722,59315,0,user6
86644,79293,0,user5
86644,570,0,user5
45722,77300,0,user6
49272,95875,1,user3
110102,1524,0,user10
49272,96079,1,user3
49272,54286,1,user3
110102,130746,0,user10
49272,58559,0,user3
49272,110508,0,user3
49272,109569,1,user3
49272,983,0,user3
364,130073,1,user13
49272,63113,1,user3
364,480,0,user13
49272,2949,1,user3
364,60880,0,user13
81591,129405,1,user5
49272,3411,0,user3
364,106696,1,user13
81591,99238,1,user5
364,101952,0,user13
81591,111,0,user5
49272,3558,0,user3
81591,81845,0,user5
81591,983,0,user5
81591,99539,0,user5
69644,5218,1,user6
81591,1597,0,user5
81591,68157,0,user5
49272,4891,0,user3
81591,588,0,user5
69644,44022,1,user6
81591,128592,1,user5
318,120637,0,user9
72998,93363,1,user4
81591,80463,1,user5
81591,79686,1,user5
72998,102445,1,user4
81591,95875,1,user5
69644,60514,1,user6
81591,120637,1,user5
72998,70286,1,user4
81591,74458,1,user5
69644,62999,1,user6
72998,111759,1,user4
79132,92257,0,user12
69644,45517,0,user6
72998,780,1,user4
79132,825,0,user12
79132,5692,0,user12
69644,86298,1,user6
79132,120783,0,user12
1721,88044,1,user5
69644,480,0,user6
318,3246,0,user9
1721,78222,1,user5
1193,129474,0,user3
1721,70661,1,user5
1721,53125,0,user5
1721,1704,0,user5
79132,70286,0,user12
1721,118916,1,user5
79132,66302,0,user12
6016,8411,1,user5
318,5608,0,user9
1721,46808,0,user5
79132,68157,0,user12
318,50,1,user9
1721,86785,0,user5
1193,95875,0,user3
79132,130588,0,user12
1721,57368,0,user5
1721,1682,0,user5
318,3750,0,user9
79132,96655,0,user12
79132,1029,0,user12
1721,3583,0,user5
1721,109203,0,user5
79132,74458,0,user12
72998,59315,1,user4
1721,780,0,user5
1193,130622,0,user3
1721,2028,0,user5
79132,1434,0,user12
79132,115556,0,user12
1721,82235,1,user5
318,6571,0,user9
1721,109487,0,user5
1721,1580,0,user5
72998,115664,0,user4
1721,87518,0,user5
79132,5477,0,user12
1721,131122,1,user5
56174,99539,0,user2
72998,117474,0,user4
52722,8636,1,user6
79132,102880,0,user12
1721,2762,0,user5
79132,98243,0,user12
79132,58559,0,user12
79132,1787,0,user12
318,259,1,user9
52722,95510,1,user6
79132,1347,0,user12
79132,72998,0,user12
318,527,1,user9
52722,5349,1,user6
356,77300,0,user10
56174,68791,0,user2
52722,6754,1,user6
356,7752,0,user10
52722,95875,0,user6
56174,53996,0,user2
6016,855,0,user5
6016,3857,0,user5
72998,676,0,user4
52722,110553,1,user6
7153,25768,0,user12
6016,2541,0,user5
1193,1961,1,user3
72998,68358,1,user4
56174,96691,1,user2
6016,2959,1,user5
6016,1424,0,user5
52722,2640,1,user6
7153,98809,1,user12
6016,115339,0,user5
56174,8644,0,user2
6016,36537,0,user5
52722,53125,0,user6
7153,2571,1,user12
6016,4973,0,user5
1193,25,0,user3
6016,82911,0,user5
7153,1764,0,user12
111362,87232,1,user9
6016,7204,0,user5
1193,1221,0,user3
111362,112852,1,user9
52722,53996,1,user6
6016,49016,0,user5
111362,6333,1,user9
6016,86298,0,user5
6016,62718,0,user5
52722,45499,0,user6
56174,1434,0,user2
7153,5952,1,user12
72998,93563,1,user4
6016,4226,0,user5
1193,74342,0,user3
1193,1213,0,user3
111362,3889,1,user9
72998,53375,0,user4
7153,104312,0,user12
6016,26360,0,user5
6016,3949,0,user5
1193,858,0,user3
6016,121485,0,user5
1193,4658,0,user3
6016,56367,0,user5
6016,7361,0,user5
56174,130036,0,user2
111362,45499,1,user9
7153,106489,1,user12
72998,1852,0,user4
7153,826,0,user12
111362,110102,1,user9
7153,4438,0,user12
72998,72953,0,user4
7153,4306,0,user12
74458,122948,0,user14
356,8273,0,user10
7153,3237,0,user12
7153,111659,0,user12
7153,5611,0,user12
103335,79091,1,user6
72998,5999,0,user4
7153,4993,1,user12
72998,73017,1,user4
7153,2251,0,user12
72998,79132,1,user4
1193,1214,0,user3
7153,6377,0,user12
7153,1052,0,user12
103335,97913,1,user6
7153,118696,1,user12
2329,68474,0,user5
7153,6539,0,user12
111362,128736,0,user9
111362,3793,1,user9
111362,112623,1,user9
7153,130768,0,user12
356,53318,1,user10
7153,4993,1,user4
103335,95167,0,user6
7153,98809,1,user4
74458,1723,0,user14
111362,2256,1,user9
2329,2571,0,user5
7153,2251,0,user4
111362,103772,1,user9
7153,1764,0,user4
103335,106696,1,user6
356,8812,0,user10
7153,5952,1,user4
74458,2676,1,user14
7153,106489,1,user4
2329,88028,0,user5
2329,7438,0,user5
99114,129522,0,user12
99114,104361,0,user12
99114,1553,0,user12
99114,112193,0,user12
99114,97304,0,user12
106487,4643,1,user5
99114,1749,0,user12
99114,129011,0,user12
106487,1115,0,user5
99114,79293,0,user12
2762,3578,0,user6
97921,59922,1,user13
99114,96079,0,user12
99114,5945,0,user12
99114,684,0,user12
99114,8273,0,user12
106487,102125,0,user5
99114,106782,0,user12
99114,106510,0,user12
97921,97304,0,user13
99114,33794,0,user12
2762,6870,0,user6
106487,5094,1,user5
97921,96821,1,user13
99114,91529,0,user12
109487,111759,1,user10
99114,26236,0,user12
106487,130580,0,user5
97921,108,0,user13
99114,25984,0,user12
109487,112556,0,user10
99114,1,0,user12
97921,2412,0,user13
99114,96610,0,user12
103042,104076,0,user4
106487,56003,0,user5
109487,780,1,user10
97921,88163,1,user13
106487,106696,0,user5
103042,2641,0,user4
106487,1216,0,user5
109487,90866,1,user10
106487,975,0,user5
97921,7249,0,user13
109487,90249,1,user10
106487,45186,0,user5
106487,104841,0,user5
109487,112852,1,user10
5952,7153,1,user9
106487,77896,0,user5
109487,130588,0,user10
5952,106489,1,user9
106487,47356,0,user5
109487,37733,0,user10
103042,104076,0,user12
106487,79293,0,user5
5952,118696,1,user9
109487,112183,0,user10
106487,91500,1,user5
103042,2641,1,user12
109487,295,0,user10
106487,1107,0,user5
103042,45533,0,user12
2762,2028,0,user6
109487,107232,0,user10
480,4638,1,user13
103042,106072,1,user12
109487,404,0,user10
480,589,1,user13
103042,985,0,user12
480,1544,1,user13
480,60514,1,user13
480,41569,1,user13
103042,749,0,user12
103042,2643,0,user4
106487,120637,0,user5
103042,2643,1,user12
109487,79293,0,user10
480,356,0,user13
5952,98809,1,user9
5952,5349,0,user9
41569,46530,0,user5
41569,45722,1,user5
41569,856,0,user5
95441,91169,0,user13
41569,33794,0,user5
4878,7361,1,user6
41569,30793,0,user5
106487,106489,0,user5
106487,45531,0,user5
109487,111362,0,user10
74458,130746,0,user14
103042,2640,0,user4
103042,102125,1,user4
5989,6539,0,user13
5989,5418,1,user13
103042,103772,1,user12
103042,1377,1,user12
103042,2123,0,user12
2762,1214,0,user6
103042,2642,1,user12
109487,3920,0,user10
5952,2571,0,user9
5989,4963,1,user13
5952,85056,0,user9
5989,25871,0,user13
5989,4995,0,user13
5952,6539,1,user9
5952,4993,1,user9
480,95875,0,user13
103042,846,0,user12
480,118872,0,user13
103042,45533,0,user4
103042,102445,0,user12
103042,106072,1,user4
2762,2959,0,user6
103042,101640,0,user4
103042,103772,1,user4
74458,54286,0,user14
5989,130588,0,user13
5989,8737,0,user13
103042,101640,1,user12
5989,5221,0,user13
5952,4306,0,user9
103042,2640,1,user12
103042,985,0,user4
41569,108041,0,user5
103042,102125,1,user12
41569,890,0,user5
74458,65225,0,user14
103042,124867,1,user12
41569,41566,1,user5
103042,2123,0,user4
4878,51925,1,user6
41569,1165,0,user5
103042,76087,0,user12
5952,4990,0,user9
103042,749,0,user4
103042,46530,1,user12
5952,45186,0,user9
103042,103228,0,user12
103042,2642,0,user4
41569,1424,0,user5
4878,40815,0,user6
95441,109487,0,user13
95441,93510,0,user13
95441,83829,0,user13
41569,130520,0,user5
103042,1377,0,user4
95441,85358,0,user13
41569,1075,0,user5
41569,8644,0,user5
5952,979,0,user9
4878,8368,0,user6
103042,102445,1,user4
95441,2687,0,user13
41569,34048,1,user5
41569,71760,0,user5
95441,87869,1,user13
41569,45499,0,user5
41569,2484,0,user5
4878,2959,1,user6
95441,38798,1,user13
41569,33493,0,user5
95441,102123,1,user13
41569,129370,0,user5
4878,8914,0,user6
41569,8636,0,user5
103042,846,0,user4
5952,1141,0,user9
4878,4226,1,user6
74458,70286,1,user14
5952,129409,0,user9
103042,124867,1,user4
4878,127096,0,user6
4878,3949,1,user6
81845,780,0,user13
54286,8665,1,user9
54286,49272,1,user9
74458,868,0,user14
54286,1137,0,user9
103042,76087,0,user4
74458,4164,0,user14
81845,79132,0,user13
81845,25746,0,user13
79132,68157,0,user6
45447,879,0,user4
4995,130328,0,user13
74458,8361,0,user14
79132,58559,0,user6
4995,66352,0,user13
4995,1787,0,user13
4995,902,0,user13
5445,5349,0,user3
74458,98341,1,user14
4022,4963,0,user5
106487,106489,0,user2
4022,118872,0,user5
4022,6539,0,user5
4022,6311,0,user5
74458,8781,0,user14
106696,103141,1,user12
4022,45722,0,user5
106487,106696,0,user2
111659,130073,0,user6
111659,111360,0,user6
111659,108190,0,user6
54286,95875,1,user9
81845,88680,0,user13
81845,3779,0,user13
54286,5418,1,user9
103042,46530,1,user4
103042,103228,1,user4
81845,101952,0,user13
81845,81591,0,user13
54286,5330,0,user9
54286,26282,0,user9
81845,47629,1,user13
97938,2013,0,user5
54286,5070,0,user9
106696,129935,0,user12
97938,5358,0,user5
106696,130073,1,user12
97938,130382,1,user5
106696,95705,0,user12
97938,8974,0,user5
79132,5692,1,user6
5445,4370,1,user3
54286,101180,0,user9
97938,25948,0,user5
5445,7145,0,user3
97938,104841,0,user5
54286,3890,0,user9
4995,4993,0,user13
74458,79132,0,user14
5445,2916,1,user3
45447,1136,0,user4
5445,66981,0,user3
45447,45499,0,user4
4022,68515,0,user5
79132,70286,0,user6
74458,68157,0,user14
4022,53125,0,user5
106487,79293,0,user2
111659,95875,0,user6
4022,89083,0,user5
4022,3578,0,user5
4022,6838,0,user5
45447,93210,0,user4
45447,2467,1,user4
111659,121366,0,user6
106696,1907,1,user12
5349,110553,1,user13
111659,112175,1,user6
2028,115210,1,user13
87520,124867,0,user12
87520,7763,0,user12
2028,2324,1,user13
87520,64497,0,user12
87520,86332,0,user12
2028,3578,0,user13
2028,115065,0,user13
87520,3375,0,user12
2028,1198,0,user13
87520,102477,0,user12
87520,27366,0,user12
54286,59315,0,user9
74458,69122,0,user14
79132,72998,1,user6
97938,981,0,user5
106696,48,1,user12
81845,68954,0,user13
106696,95167,1,user12
97938,96079,0,user5
106696,119563,0,user12
81845,80463,0,user13
79132,1347,0,user6
106696,103335,0,user12
5445,3895,1,user3
106696,1062,0,user12
97938,99114,0,user5
106696,56152,1,user12
97938,127001,0,user5
106696,97913,1,user12
4995,82641,0,user13
97938,777,0,user5
106696,95875,0,user12
79132,96655,0,user6
106696,789,0,user12
97938,1127,1,user5
4995,4963,0,user13
106696,595,0,user12
5445,60941,0,user3
54286,82202,0,user9
97938,97304,0,user5
106696,109399,0,user12
4995,1183,0,user13
97938,103651,0,user5
79132,130588,0,user6
4995,4306,0,user13
106487,4643,0,user2
106696,106487,0,user12
54286,58559,1,user9
97938,129370,0,user5
106696,588,1,user12
97938,97921,0,user5
97938,362,0,user5
4995,3234,0,user13
97938,53125,0,user5
4995,1921,0,user13
5445,4963,0,user3
106487,47356,1,user2
79132,120783,0,user6
5445,47,0,user3
79132,74458,1,user6
4022,93939,0,user5
5445,3856,0,user3
106487,96610,0,user2
5445,1052,0,user3
54286,95875,1,user13
54286,8665,1,user13
5445,81788,1,user3
4022,71404,0,user5
74458,66320,0,user14
54286,5418,1,user13
5445,5418,1,user3
4022,25897,0,user5
4022,780,0,user5
54286,49272,1,user13
106487,102125,0,user2
4022,4995,0,user5
106487,91500,1,user2
4022,98069,0,user5
54286,82202,0,user13
4022,1424,0,user5
45447,71573,0,user4
4022,91976,0,user5
4022,4306,0,user5
74458,100538,0,user14
4022,26012,0,user5
54286,2403,0,user13
54286,59315,0,user13
54286,110968,0,user13
5445,5952,0,user3
5349,95510,1,user13
111659,114180,0,user6
5349,4990,0,user13
5349,130804,0,user13
5349,6333,1,user13
5349,86332,1,user13
111659,106696,1,user6
5349,25745,0,user13
45447,45662,1,user4
45447,8972,1,user4
2028,108928,1,user13
45447,786,0,user4
2028,1101,1,user13
87520,88140,0,user12
87520,568,0,user12
5445,4993,0,user3
106696,76169,0,user12
106487,120637,0,user2
5349,52722,1,user13
45447,8984,0,user4
106696,756,0,user12
5349,3793,1,user13
5349,8636,1,user13
5349,6539,0,user13
45447,776,0,user4
106487,975,0,user2
106487,104841,1,user2
2028,60389,1,user13
2028,2571,0,user13
87520,72378,0,user12
87520,696,0,user12
106487,45186,0,user2
87520,86880,0,user12
5952,4993,1,user14
45447,873,0,user4
87520,102880,0,user12
87520,86655,0,user12
87520,120637,0,user12
87520,69526,1,user12
87520,59834,0,user12
106487,1115,0,user2
87520,780,1,user12
87520,87430,0,user12
87520,112640,0,user12
106487,130580,0,user2
45447,68554,1,user4
1206,924,1,user3
45447,45722,0,user4
68358,102445,1,user13
1206,2476,0,user3
68358,780,1,user13
1206,541,1,user3
7318,7458,1,user6
68358,109713,1,user13
7318,8783,0,user6
68358,72998,1,user13
1206,5608,1,user3
7318,5502,0,user6
68358,6365,1,user13
68358,130746,0,user13
7318,58933,0,user6
68358,98237,0,user13
68358,60069,1,user13
1206,1258,1,user3
7318,1080,0,user6
7318,8529,0,user6
1206,96610,1,user3
4886,45517,1,user9
7318,2022,1,user6
7318,6373,0,user6
4886,87876,1,user9
4886,4306,1,user9
106487,56003,0,user2
1206,87356,0,user3
5952,129409,0,user14
4886,6889,0,user9
4886,6377,1,user9
1206,1213,0,user3
69122,68157,0,user13
5952,4306,0,user14
5952,98809,1,user14
1206,750,0,user3
69122,60286,1,user13
69122,71535,1,user13
69122,101415,1,user13
84374,92182,0,user5
84374,128848,0,user5
480,1544,1,user10
480,4638,1,user10
50872,3157,1,user6
50872,6377,1,user6
1721,2028,0,user12
480,4370,0,user10
87520,780,1,user10
106487,1107,0,user2
69122,72998,0,user13
69122,117368,0,user13
4886,1907,0,user9
4886,8961,1,user9
84374,45186,0,user5
1206,1592,0,user3
84374,7340,0,user5
1206,120637,0,user3
69122,4962,0,user13
84374,679,0,user5
69122,73017,1,user13
84374,80860,1,user5
45447,8767,0,user4
4886,46808,0,user9
84374,79293,0,user5
4886,1141,0,user9
45447,101423,0,user4
4886,100588,0,user9
84374,85367,1,user5
4886,5349,0,user9
84374,131122,1,user5
4886,5218,1,user9
4886,95313,1,user9
50872,5480,1,user6
1206,6214,0,user3
50872,68954,1,user6
480,356,0,user10
84374,341,0,user5
45447,33679,0,user4
5952,2251,0,user14
4886,120474,1,user9
4886,6539,0,user9
84374,64957,1,user5
50872,8961,0,user6
1206,1006,0,user3
84374,80166,1,user5
84374,90561,0,user5
4886,3381,0,user9
84374,128320,0,user5
50872,60069,0,user6
84374,44195,0,user5
84374,88405,0,user5
84374,129784,0,user5
50872,59315,0,user6
45447,855,0,user4
84374,496,0,user5
84374,82167,0,user5
84374,626,1,user5
4886,709,0,user9
4886,3828,0,user9
68954,87446,1,user13
68954,588,1,user13
68954,6889,1,user13
45447,102903,0,user4
68954,60069,1,user13
1206,1830,0,user3
68954,78499,1,user13
68954,1704,0,user13
68954,79132,0,user13
68954,3527,0,user13
1721,82235,0,user12
1721,70661,0,user12
1721,78222,0,user12
1721,53125,0,user12
1721,1704,0,user12
1721,86785,0,user12
1721,46808,0,user12
480,589,1,user10
480,95875,0,user10
1721,57368,0,user12
1721,1682,0,user12
480,130382,0,user10
1721,109203,0,user12
1721,3583,0,user12
480,41569,1,user10
1721,780,0,user12
480,457,0,user10
1721,88044,0,user12
1721,109487,0,user12
1721,1580,0,user12
480,7145,0,user10
1721,131122,0,user12
1721,87518,0,user12
480,48346,0,user10
480,592,0,user10
1721,118916,1,user12
480,26459,0,user10
1721,2762,0,user12
480,377,0,user10
78772,72407,1,user4
78772,114795,1,user4
480,26496,0,user10
480,108873,0,user10
480,80295,0,user10
480,88061,0,user10
480,60514,0,user10
78772,130075,0,user4
78772,98203,1,user4
5952,2571,0,user14
78772,915,0,user4
78772,396,0,user4
78772,8985,1,user4
78772,69844,1,user4
5952,85056,0,user14
78772,1896,0,user4
480,118872,0,user10
78772,336,0,user4
78772,81834,1,user4
78772,129857,0,user4
106696,1907,1,user9
6377,60259,1,user2
78772,130746,0,user4
108548,641,0,user12
106696,103141,1,user9
106696,789,0,user9
78772,95705,0,user4
6377,1566,1,user2
70286,72998,1,user13
6377,95313,1,user2
70286,101423,0,user13
78772,696,0,user4
70286,1909,1,user13
70286,68237,1,user13
5952,45186,0,user14
5952,5349,0,user14
6377,1774,0,user2
70286,80405,0,user13
6377,106011,0,user2
6377,45517,1,user2
6377,4306,1,user2
87520,69526,1,user10
78772,287,0,user4
108548,110387,0,user12
108548,295,0,user12
78772,91104,1,user4
7361,95875,0,user13
108548,27008,0,user12
6377,4016,1,user2
78772,63992,1,user4
108548,554,0,user12
108548,108901,0,user12
6377,2123,1,user2
7361,106210,1,user13
108548,126426,0,user12
106696,48,1,user9
108548,115279,0,user12
7361,85738,0,user13
108548,391,0,user12
108548,109008,0,user12
87520,124867,0,user10
108548,120132,0,user12
108548,98298,0,user12
106696,588,1,user9
7361,2123,0,user13
106696,588,1,user9
78772,58452,0,user4
108548,182,0,user12
6377,2980,0,user2
106696,95167,1,user9
108548,26856,0,user12
7361,2959,1,user13
108548,103277,0,user12
87520,86332,1,user10
108548,102160,0,user12
6377,6539,0,user2
7361,128622,0,user13
106696,130073,0,user9
87520,72378,0,user10
108548,103212,0,user12
106696,109399,0,user9
87520,696,0,user10
108548,2614,0,user12
106696,103335,1,user9
108548,107484,0,user12
87520,3375,0,user10
108548,112309,0,user12
87520,88140,1,user10
106696,56152,1,user9
87520,102477,0,user10
106696,119563,0,user9
87520,568,0,user10
87520,27366,0,user10
6377,4886,1,user2
87520,86880,0,user10
87520,102880,0,user10
106696,95875,0,user9
106696,95705,0,user9
87520,112640,0,user10
6377,87876,1,user2
87520,87430,1,user10
106696,129935,0,user9
87520,64497,0,user10
6377,8961,1,user2
70286,68157,0,user13
98809,118696,1,user12
87520,120637,0,user10
106696,595,0,user9
6377,1781,0,user2
98809,111659,0,user12
5952,3234,0,user14
98809,89745,0,user12
98809,985,0,user12
87520,7763,0,user10
98809,1486,0,user12
87520,86655,0,user10
98809,5952,1,user12
6377,7153,0,user2
6377,86298,1,user2
87520,59834,0,user10
5952,4990,0,user14
6377,2588,0,user2
70286,88065,0,user13
78772,397,0,user4
70286,60760,1,user13
70286,68358,1,user13
6377,114085,0,user2
5952,1141,0,user14
70286,5252,0,user13
98809,91500,0,user12
98809,1026,0,user12
70286,1145,0,user13
98809,26403,0,user12
98809,102445,0,user12
98809,1134,0,user12
98809,2116,0,user12
97938,362,1,user9
6377,2251,0,user2
98809,8780,0,user12
98809,106489,1,user12
98809,3803,0,user12
98809,96079,0,user12
98809,4993,1,user12
98809,2591,0,user12
98809,91529,0,user12
5952,2826,1,user14
97938,104841,1,user9
97938,53125,0,user9
97938,981,0,user9
97938,2013,1,user9
94663,80777,1,user4
44191,33794,1,user6
5952,83575,0,user14
94663,1216,0,user4
5952,7153,1,user14
97938,25948,0,user9
94663,1298,0,user4
4993,5952,1,user2
94663,46972,0,user4
94663,91250,1,user4
94663,108156,0,user4
44191,32587,0,user6
94663,109487,0,user4
97938,129370,0,user9
97938,97921,0,user9
4993,5070,0,user2
94663,590,0,user4
44191,97042,0,user6
4993,7153,1,user2
97938,96079,0,user9
94663,98198,1,user4
5952,3383,0,user14
94663,5985,1,user4
102125,59315,1,user12
5952,118696,1,user14
94663,908,0,user4
102125,89745,1,user12
102125,77561,1,user12
44191,113573,0,user6
97938,130382,0,user9
102125,2030,0,user12
5952,979,0,user14
94663,7143,0,user4
102125,60941,0,user12
102125,1349,0,user12
97938,777,0,user9
94663,35828,1,user4
102125,110102,0,user12
102125,983,0,user12
94663,116823,0,user4
102125,106072,0,user12
5952,6539,1,user14
44191,49272,0,user6
102125,99014,0,user12
5952,106489,1,user14
97938,1127,1,user9
102125,652,0,user12
102125,86332,1,user12
97938,97304,0,user9
44191,95875,1,user6
91529,99114,0,user10
102125,102445,0,user12
91529,113348,0,user10
94663,83956,1,user4
102125,2309,0,user12
91529,90603,1,user10
94663,6546,0,user4
102125,88140,1,user12
91529,777,0,user10
94663,47918,0,user4
4993,118696,1,user2
58559,90603,1,user14
91529,130508,0,user10
91529,887,0,user10
93510,112138,1,user9
91529,87232,1,user10
4993,2217,0,user2
91529,977,0,user10
44191,104076,0,user6
93510,116977,1,user9
4993,6501,0,user2
44191,48780,0,user6
4993,130512,0,user2
5952,4993,1,user4
4993,4306,0,user2
96079,96610,1,user10
58559,95875,0,user14
93510,128592,0,user9
5952,98809,1,user4
96079,114182,0,user10
4993,5877,0,user2
5952,2251,0,user4
4993,106489,1,user2
96079,129432,0,user10
58559,856,0,user14
44191,96610,0,user6
93510,6889,0,user9
5952,85056,0,user4
58559,60069,0,user14
93510,130496,0,user9
5952,3234,0,user4
93510,972,0,user9
5952,45186,0,user4
93510,87869,1,user9
93510,100161,0,user9
91529,58559,1,user10
91529,153,1,user10
102125,95875,0,user12
91529,1377,1,user10
94663,1103,0,user4
102125,1548,0,user12
91529,33794,1,user10
97938,99114,0,user9
91529,120637,0,user10
58559,91529,1,user14
91529,648,0,user10
91529,1158,0,user10
91529,89745,1,user10
97938,8974,0,user9
94663,3147,0,user4
91529,4677,0,user10
58559,79132,0,user14
96079,79293,1,user10
96079,129013,0,user10
93510,127202,0,user9
5952,5349,0,user4
96079,102445,0,user10
102125,112640,0,user12
91529,104076,0,user10
102125,130036,0,user12
91529,864,0,user10
94663,2012,0,user4
97938,127001,0,user9
102125,95510,0,user12
91529,96079,0,user10
5952,4306,0,user4
44191,112818,1,user6
96079,63113,1,user10
93510,102123,1,user9
5952,2571,0,user4
58559,103042,1,user14
93510,95441,1,user9
5952,4990,0,user4
4993,6165,0,user2
101301,54826,0,user12
5952,1141,0,user4
101301,80271,0,user12
101301,79846,0,user12
101301,5418,0,user12
101301,95896,0,user12
101301,102469,0,user12
4993,2116,1,user2
101301,64957,0,user12
101301,75927,0,user12
101301,105013,0,user12
58559,1566,0,user14
101301,90439,0,user12
101301,31205,0,user12
5952,2826,1,user4
96079,1851,0,user10
5952,83575,0,user4
101301,73168,0,user12
5952,3383,0,user4
101301,7326,0,user12
5952,118696,1,user4
96079,117752,0,user10
93510,95510,0,user9
4993,98809,1,user2
101301,5388,0,user12
101301,53084,0,user12
93510,70817,0,user9
96079,1107,0,user10
4993,6539,1,user2
101301,117065,0,user12
101301,91658,0,user12
96079,89745,0,user10
101301,56477,0,user12
4993,49272,0,user2
96079,5040,0,user10
93510,104231,0,user9
101301,68952,0,user12
593,113573,0,user6
96079,864,0,user10
5952,979,0,user4
101301,98961,1,user12
4993,26403,0,user2
5952,6539,1,user4
5952,106489,1,user4
96079,124843,1,user10
58559,847,0,user14
593,318,0,user6
4993,5676,0,user2
93510,86911,1,user9
5952,129409,0,user4
96079,7113,0,user10
4993,5349,0,user2
58559,108932,0,user14
96079,98809,0,user10
93510,375,0,user9
593,356,0,user6
593,5630,1,user6
96079,86785,0,user10
96079,50641,0,user10
2959,84252,0,user12
593,48518,1,user6
2959,3856,0,user12
2959,97913,0,user12
2959,2858,0,user12
2959,128848,0,user12
2959,1732,0,user12
593,112818,0,user6
2959,5953,0,user12
2959,4190,0,user12
2959,26194,0,user12
2959,4993,0,user12
2959,98376,0,user12
593,47,1,user6
2959,7438,0,user12
2959,57526,0,user12
2959,86728,0,user12
2959,111921,0,user12
63082,89767,0,user9
2959,2571,1,user12
593,296,0,user6
2959,8748,0,user12
2959,26389,0,user12
63082,7153,0,user9
88125,69844,1,user10
2959,47,1,user12
58559,48516,0,user14
63082,60069,0,user9
2959,4226,1,user12
88125,81834,1,user10
58559,57526,0,user14
63082,68157,0,user9
88125,4990,0,user10
88125,4896,1,user10
88125,54001,1,user10
58559,684,0,user14
88125,104076,0,user10
88125,87232,0,user10
58559,66981,0,user14
88125,584,0,user10
88125,1371,0,user10
63082,5762,0,user9
58559,59315,1,user14
88125,89745,0,user10
6377,45517,1,user12
88125,118696,0,user10
91630,127315,1,user4
6377,4306,1,user12
88125,977,0,user10
91630,79293,1,user4
88125,1373,0,user10
6377,4016,0,user12
58559,588,0,user14
91630,96079,1,user4
6377,2980,0,user12
88125,980,0,user10
88125,68157,0,user10
63082,85414,0,user9
91630,109487,1,user4
6377,87876,1,user12
88125,84766,0,user10
58559,45134,0,user14
6377,6539,0,user12
88125,72724,0,user10
63082,58559,0,user9
58559,33794,1,user14
88125,100588,0,user10
91630,86332,1,user4
58559,259,0,user14
6377,60259,0,user12
88125,2571,0,user10
6377,2588,0,user12
63082,191,0,user9
88125,2092,0,user10
6377,95313,0,user12
63082,273,0,user9
58559,25809,0,user14
6377,86298,1,user12
106782,106916,1,user6
91630,80405,1,user4
6377,1774,0,user12
91630,128912,0,user4
91630,780,1,user4
91630,91542,1,user4
91630,5170,0,user4
106782,104841,0,user6
91630,738,0,user4
63082,55253,0,user9
91630,56003,0,user4
91630,95510,1,user4
63082,56367,1,user9
6377,106011,0,user12
106782,106100,1,user6
6377,114085,0,user12
91630,2440,0,user4
63082,89000,0,user9
106782,1213,1,user6
91630,1628,0,user4
91630,90738,1,user4
63082,89767,0,user2
63082,7153,0,user2
63082,60069,0,user2
364,1907,1,user9
63082,90866,1,user2
364,130073,0,user9
91630,1579,0,user4
63082,5762,0,user2
6377,8961,1,user12
364,48,1,user9
63082,70286,0,user2
106696,76169,0,user10
104841,88065,0,user14
106696,588,1,user10
63082,58559,0,user2
106696,95705,0,user10
106696,1062,0,user10
364,783,1,user9
63082,106214,0,user2
104841,780,1,user14
364,26446,0,user9
364,101952,0,user9
91630,70817,0,user4
364,595,1,user9
6377,4886,1,user12
6377,2123,1,user12
63082,1877,1,user2
6377,1781,0,user12
63082,68157,0,user2
6377,1566,1,user12
106696,1907,1,user10
6377,2251,0,user12
91630,120637,0,user4
106696,103141,1,user10
91630,88140,1,user4
63082,130588,0,user2
63082,85414,0,user2
106696,48,1,user10
364,118872,0,user9
106696,109399,0,user10
63082,191,0,user2
364,709,1,user9
106696,130073,0,user10
106696,106487,0,user10
364,588,1,user9
106696,103335,1,user10
63082,856,1,user2
364,26266,0,user9
106696,756,0,user10
106696,95167,1,user10
364,106696,1,user9
106696,97913,1,user10
99114,106510,0,user6
106696,56152,1,user10
106696,95875,0,user10
99114,33794,1,user6
364,6889,1,user9
106696,595,1,user10
99114,91529,0,user6
106696,789,0,user10
106696,119563,0,user10
99114,97304,1,user6
364,367,0,user9
106696,129935,0,user10
99114,96610,0,user6
104841,1822,0,user14
364,480,0,user9
63082,3191,0,user2
99114,79293,1,user6
364,500,0,user9
78499,3114,1,user12
364,60880,0,user9
63082,109397,0,user2
78499,4016,0,user12
364,26402,0,user9
99114,96079,0,user6
99114,684,0,user6
78499,2235,0,user12
91529,58559,1,user11
78499,45517,1,user12
104841,106920,0,user14
364,356,0,user9
99114,106782,0,user6
364,116941,1,user9
63082,89000,0,user2
91529,1377,1,user11
99114,1,0,user6
91529,1158,0,user11
91529,89745,1,user11
91529,153,1,user11
63082,56367,0,user2
91529,33794,1,user11
78499,130510,0,user12
55820,82459,1,user6
78499,1,1,user12
78499,871,1,user12
91529,104076,0,user11
78499,2687,1,user12
78499,27455,0,user12
55820,68157,0,user6
78499,8961,0,user12
78499,76093,0,user12
63082,273,0,user2
111364,32560,0,user4
3578,4993,0,user10
3578,2728,1,user10
89745,130746,0,user11
3578,2571,0,user10
78499,79132,0,user12
78499,60069,1,user12
78499,4886,1,user12
63082,55253,0,user2
78499,80463,0,user12
104841,3626,0,user14
91529,113348,1,user11
78499,1002,0,user12
78499,87876,0,user12
78499,99901,0,user12
78499,6377,0,user12
78499,68954,1,user12
55820,79293,0,user6
111364,95875,0,user4
55820,113573,0,user6
111364,102880,1,user4
91529,864,0,user11
104841,129657,0,user14
55820,48516,0,user6
91529,120637,1,user11
111364,2643,0,user4
104841,72998,1,user14
91529,887,0,user11
91529,648,0,user11
3578,102880,0,user10
91529,777,0,user11
3578,26214,0,user10
3578,77300,0,user10
111364,2364,0,user4
89745,77561,1,user11
69122,68157,0,user6
111364,111362,1,user4
111364,112623,1,user4
89745,86332,1,user11
69122,72998,0,user6
89745,102125,1,user11
89745,88140,1,user11
89745,59315,1,user11
89745,1433,0,user11
55820,115149,1,user6
91529,99114,0,user11
111364,8726,0,user4
91529,96079,0,user11
91529,90603,1,user11
111364,110553,1,user4
111364,4288,0,user4
3578,110968,0,user10
91529,4677,0,user11
111364,33801,1,user4
91529,87232,1,user11
3578,112640,0,user10
111364,103228,1,user4
3578,129947,0,user10
3578,26160,0,user10
3578,2762,0,user10
3578,112911,1,user10
3578,25787,0,user10
104841,96610,0,user14
3578,54686,1,user10
3578,5952,0,user10
3578,1118,0,user10
3578,1109,0,user10
89745,95875,1,user11
3578,36289,0,user10
3578,3793,0,user10
89745,87232,1,user11
111364,97988,1,user4
3578,2687,0,user10
89745,71057,0,user11
89745,983,0,user11
69122,117368,1,user6
111364,87433,0,user4
89745,60040,1,user11
69122,71535,1,user6
89745,110102,1,user11
111364,96512,0,user4
89745,1577,0,user11
111364,70824,0,user4
69122,70286,0,user6
111364,26901,0,user4
111364,5638,0,user4
69122,73017,0,user6
89745,112640,0,user11
111364,110102,1,user4
111364,887,0,user4
104841,58898,0,user14
68954,87446,1,user11
88125,69844,1,user2
68954,6889,1,user11
104841,2680,0,user14
68954,25809,0,user11
44191,32587,1,user10
68954,1704,0,user11
88125,72724,0,user2
68954,79132,0,user11
44191,96610,1,user10
104841,26206,1,user14
68954,1907,1,user11
44191,97042,0,user10
88125,68157,0,user2
44191,113573,1,user10
68954,2438,0,user11
88125,81834,1,user2
68954,3527,0,user11
88125,54001,1,user2
54503,52973,1,user10
54503,72109,0,user10
54503,35836,1,user10
54503,3411,0,user10
54503,112138,1,user10
54503,58998,1,user10
4896,5816,1,user9
4896,40815,1,user9
4896,54001,1,user9
4896,95510,0,user9
4896,69844,1,user9
4896,4993,1,user9
54503,73881,0,user10
4896,84446,0,user9
54503,2918,1,user10
4896,4306,0,user9
54503,3131,0,user10
54503,121190,0,user10
54503,5465,0,user10
54503,36537,0,user10
527,1262,1,user11
527,64548,0,user11
527,296,0,user11
527,33743,1,user11
1240,589,1,user11
1721,1682,0,user14
1240,541,1,user11
1240,6934,1,user11
4995,82641,0,user4
8643,8808,1,user9
1,99114,0,user14
78499,2235,0,user11
1,76814,0,user14
1,45517,1,user14
8643,8273,0,user9
78499,80463,0,user11
78499,4886,1,user11
78499,871,0,user11
103335,97913,1,user2
78499,87876,1,user11
103335,120833,0,user2
103335,95167,0,user2
4896,8368,1,user9
4896,5349,0,user9
4896,4075,0,user9
54503,1036,0,user10
4896,2123,0,user9
54503,130642,0,user10
54503,69122,1,user10
54503,111800,0,user10
4896,82641,0,user9
54503,62718,0,user10
54503,77332,0,user10
527,108928,0,user11
527,356,1,user11
1721,82235,1,user14
1721,70661,0,user14
527,26536,1,user11
527,48783,1,user11
106696,48,1,user2
527,110,1,user11
527,2028,0,user11
106696,109399,0,user2
1721,1704,0,user14
527,7447,1,user11
106696,588,1,user2
1721,53125,0,user14
527,8579,1,user11
106696,103141,1,user2
527,318,1,user11
527,89670,1,user11
106696,129935,0,user2
527,51357,1,user11
106696,756,0,user2
527,593,0,user11
106696,95167,1,user2
106696,1907,1,user2
527,70451,0,user11
106696,76169,0,user2
527,80160,0,user11
106696,1062,0,user2
106696,95875,0,user2
4896,78557,0,user9
106696,56152,1,user2
106696,97913,1,user2
1721,78222,1,user14
91529,96610,1,user11
106696,103335,1,user2
106696,119563,0,user2
106696,595,1,user2
106696,108932,1,user2
1240,95967,0,user11
1721,86785,0,user14
106696,95705,0,user2
1240,1036,1,user11
1240,25809,0,user11
1240,110508,0,user11
1721,57368,0,user14
1240,2571,1,user11
106696,130073,1,user2
1240,79775,0,user11
1240,6968,0,user11
1240,127202,0,user11
1240,92106,1,user11
1721,46808,0,user14
8643,117527,1,user9
4995,78557,0,user4
364,1907,1,user2
364,588,1,user2
4995,4306,0,user4
1721,109203,0,user14
1721,2028,0,user14
8643,7375,1,user9
364,118872,0,user2
8643,8911,0,user9
4995,1183,0,user4
364,130073,1,user2
364,500,0,user2
364,356,0,user2
364,26402,0,user2
364,783,1,user2
4995,130328,0,user4
364,709,1,user2
364,116941,1,user2
4995,88028,0,user4
4995,5445,0,user4
1721,780,0,user14
364,595,1,user2
8643,53318,0,user9
8643,71688,1,user9
1721,3583,0,user14
1721,1580,0,user14
364,106696,1,user2
364,26266,0,user2
1721,109487,0,user14
4995,8809,1,user4
364,48,1,user2
4995,4993,0,user4
8643,44193,1,user9
364,367,0,user2
4995,1921,1,user4
364,377,0,user2
364,60880,0,user2
8643,122325,0,user9
364,480,0,user2
364,101952,0,user2
364,6889,1,user2
4995,902,0,user4
8643,4601,1,user9
4995,1787,0,user4
4995,4963,0,user4
1721,88044,0,user14
4995,8533,0,user4
1721,131122,1,user14
8643,495,0,user9
1721,2762,0,user14
8643,7169,1,user9
1721,118916,1,user14
1721,87518,0,user14
4995,32243,0,user4
8643,7010,0,user9
4995,66352,0,user4
78499,3114,1,user2
4995,5989,0,user4
78499,68954,1,user2
4995,2997,0,user4
78499,6377,1,user2
4995,3234,0,user4
78499,79132,0,user2
78499,4016,1,user2
78499,2235,0,user2
78499,60069,1,user2
78499,45517,1,user2
78499,80463,0,user2
78499,4886,1,user2
78499,871,0,user2
78499,1,1,user2
1,3114,1,user14
1,78499,1,user14
78499,130510,0,user2
1,74017,0,user14
1240,1196,0,user11
78499,87876,1,user2
1,709,1,user14
1240,6537,1,user11
78499,72998,0,user2
1,1210,0,user14
1240,66981,0,user11
78499,2687,1,user2
1,8273,0,user14
1240,1200,0,user11
1,25809,0,user14
78499,76093,1,user2
1240,109487,0,user11
78499,8961,1,user2
1,2123,1,user14
1240,89206,0,user11
78499,27455,0,user2
1240,68791,1,user11
78499,60069,1,user11
78499,1,1,user11
1,780,0,user14
103335,79091,1,user2
78499,130510,0,user11
103335,58309,0,user2
78499,76093,1,user11
78499,8961,1,user11
5816,5952,1,user14
5816,54001,1,user14
5816,69844,1,user14
5816,3191,0,user14
106696,48,1,user14
4306,64249,1,user1
106696,95705,0,user14
1,1270,0,user14
1240,1214,0,user11
1,66981,0,user14
8643,83158,0,user9
1,6889,1,user14
1,260,0,user14
103335,103141,1,user2
5816,130746,0,user14
103335,63859,1,user2
5816,100163,0,user14
5816,86298,0,user14
5816,6539,0,user14
103335,108932,1,user2
5816,2489,0,user14
5816,129520,0,user14
5816,8368,1,user14
5816,95510,0,user14
106696,119563,0,user14
106696,103335,1,user14
106696,130073,1,user14
106696,129935,0,user14
106696,97913,1,user14
106696,56152,1,user14
106696,109399,0,user14
106696,103141,1,user14
1,90866,0,user14
1,92652,0,user14
1,4990,1,user14
1,356,0,user14
78499,3114,1,user11
78499,4016,1,user11
78499,79132,0,user11
78499,45517,1,user11
78499,72998,1,user11
78499,68954,1,user11
78499,6377,1,user11
78499,99901,1,user11
103335,756,0,user2
5816,4896,1,user14
103335,86059,1,user2
103335,48159,1,user2
103335,789,0,user2
5816,5349,0,user14
5816,871,0,user14
103335,568,0,user2
5816,45517,0,user14
103335,130496,0,user2
5816,7147,0,user14
78499,2687,1,user11
78499,27455,0,user11
5816,40815,1,user14
106696,756,0,user14
103335,58299,1,user2
5816,81834,0,user14
4306,4993,0,user1
88125,69844,1,user11
88125,54001,1,user11
88125,72724,0,user11
106696,1062,0,user14
88125,2092,0,user11
106696,95875,0,user14
87222,82641,0,user2
88125,87232,0,user11
88125,4896,1,user11
106696,108932,1,user14
87222,59784,1,user2
4306,8360,1,user1
87222,3295,0,user2
88125,980,0,user11
106696,595,0,user14
106696,106487,0,user14
87222,79091,1,user2
87222,756,0,user2
106696,76169,0,user14
106696,95167,1,user14
88125,584,0,user11
88125,118696,1,user11
87222,113348,1,user2
87222,90647,1,user2
88125,1373,0,user11
88125,2571,0,user11
87222,391,0,user2
88125,100588,0,user11
88125,81834,1,user11
87222,6311,0,user2
88125,84766,0,user11
4306,131080,1,user1
87222,120637,0,user2
4306,6539,0,user1
87222,81564,1,user2
110102,102125,1,user14
8643,6738,0,user9
110102,1524,0,user14
88125,89745,0,user11
4306,636,0,user1
106696,588,1,user14
87222,109487,0,user2
87222,51304,0,user2
106696,1907,1,user14
88125,1371,0,user11
87222,96281,1,user2
88125,91500,0,user11
87222,573,0,user2
87222,84944,1,user2
4306,6377,1,user1
4306,26973,0,user1
87222,6365,0,user2
88125,104076,1,user11
4306,130978,0,user1
88125,68157,0,user11
87222,106214,0,user2
88125,4990,0,user11
4306,120136,1,user1
87222,86298,1,user2
4306,3583,0,user1
87222,5378,0,user2
4306,45517,1,user1
8643,56095,0,user9
110102,59315,1,user14
4306,7452,0,user1
110102,130746,0,user14
4306,3034,1,user1
4306,53121,1,user1
110102,112852,1,user14
8643,58452,0,user9
110102,1038,0,user14
4306,4886,1,user1
110102,115998,0,user14
102125,59315,1,user11
4306,89025,0,user1
102125,77561,1,user11
110102,106072,1,user14
4306,4016,1,user1
102125,2030,0,user11
4306,2140,0,user1
110102,1555,0,user14
102125,110102,1,user11
110102,8900,0,user14
110102,111759,1,user14
110102,86332,1,user14
110102,823,0,user14
102125,106072,1,user11
110102,126599,0,user14
102125,983,0,user11
102125,99014,0,user11
102125,86332,1,user11
110102,112640,1,user14
102125,652,0,user11
110102,111362,1,user14
110102,89745,1,user14
110102,1575,0,user14
110102,95875,0,user14
110102,88140,1,user14
102125,112640,0,user11
102125,102445,0,user11
102125,130036,0,user11
102125,95510,1,user11
102125,2309,0,user11
102125,95875,0,user11
6535,4447,1,user9
6535,86815,0,user9
106696,756,1,user11
106696,103335,1,user11
106696,76169,0,user11
45722,86880,1,user11
112640,94864,0,user2
91500,52806,0,user14
91500,1433,0,user14
112640,27155,0,user2
112640,115556,0,user2
112640,105599,0,user2
91500,5999,0,user14
91500,6284,0,user14
91500,8666,0,user14
91500,95705,0,user14
7153,4993,1,user11
70769,70206,0,user14
70769,171,0,user14
586,1547,1,user14
107707,26724,0,user2
586,116941,0,user14
586,2953,1,user14
586,377,0,user14
102125,88140,1,user11
6535,5620,1,user9
6535,6155,1,user9
106696,48,0,user11
106696,119563,0,user11
106696,130073,1,user11
106696,56152,1,user11
106696,108932,1,user11
106696,595,0,user11
45722,86880,1,user1
106696,106487,0,user11
106696,109399,0,user11
45722,53125,1,user1
106696,588,1,user11
45722,104723,0,user1
106696,103141,1,user11
45722,6539,1,user1
6535,626,0,user9
6535,72936,0,user9
6535,6593,1,user9
6535,79293,0,user9
106696,1907,0,user11
6535,71688,0,user9
45722,77300,0,user1
6535,4700,1,user9
106696,95167,1,user11
6535,53972,0,user9
45722,33493,0,user1
6535,97913,0,user9
45722,41569,0,user1
45722,797,0,user1
45722,5999,0,user1
6535,780,0,user9
6535,98116,0,user9
6535,80421,0,user9
6535,44195,1,user9
45722,45499,1,user11
45722,2949,0,user11
45722,77300,0,user11
45722,59315,0,user11
45722,33493,0,user11
45722,41569,0,user11
45722,797,0,user11
2617,1198,1,user9
2617,95875,0,user9
2617,1917,0,user9
2617,1183,0,user9
45722,5999,0,user11
45722,41566,0,user11
45722,2021,1,user11
2617,1591,1,user9
2617,6889,0,user9
2617,128832,0,user9
2617,4270,1,user9
2617,2115,1,user9
91500,58452,0,user14
2617,7386,0,user9
91500,98809,0,user14
2617,588,0,user9
91500,741,0,user14
112640,108156,0,user2
91500,37,0,user14
91500,130066,0,user14
112640,116704,0,user2
112640,112594,0,user2
112640,91529,1,user2
91500,91529,1,user14
45722,40815,1,user1
45722,101423,0,user1
91500,90434,0,user14
2617,65682,0,user9
112640,36086,0,user2
112640,76291,0,user2
112640,112852,1,user2
112640,106064,0,user2
112640,88140,1,user2
112640,53972,0,user2
45722,104723,0,user11
45722,6539,1,user11
70769,1094,0,user14
70769,5320,0,user14
7153,2571,1,user11
7153,104312,1,user11
70769,106487,0,user14
7153,4438,0,user11
6586,106214,0,user9
7153,826,0,user11
6586,6202,1,user9
107707,109096,0,user2
70769,3854,0,user14
107707,27131,0,user2
70769,6546,1,user14
107707,122880,0,user2
107707,107883,0,user2
72998,43248,0,user11
72998,53375,0,user11
47,6958,0,user12
47,356,0,user12
47,2586,0,user12
47,25872,0,user12
6586,5283,0,user9
72998,102445,0,user11
586,2123,1,user14
586,480,0,user14
4232,2916,0,user9
586,107264,0,user14
45722,68959,0,user1
4232,96079,0,user9
4232,4270,0,user9
112640,58559,1,user2
2617,2628,0,user9
45722,74868,1,user1
112640,5618,0,user2
2617,78631,0,user9
2617,3635,0,user9
2617,1580,0,user9
70769,86785,0,user14
70769,113771,0,user14
7153,106489,1,user11
70769,114060,0,user14
7153,4306,0,user11
91500,129056,0,user14
45722,857,0,user11
91500,106487,1,user14
91500,116823,1,user14
112640,112907,0,user2
112640,101640,0,user2
91500,114552,0,user14
45722,74868,1,user11
45722,53125,1,user11
112640,112909,0,user2
45722,59315,1,user1
45722,102951,0,user11
45722,40815,1,user11
45722,101423,0,user11
91500,87232,0,user14
91500,1511,0,user14
91500,89745,1,user14
70769,103420,0,user14
7153,130768,0,user11
7153,6377,0,user11
7153,1764,0,user11
7153,111659,0,user11
6586,7346,1,user9
6586,4718,1,user9
7153,33794,0,user11
6586,71,0,user9
70769,61695,0,user14
7153,5611,0,user11
70769,73150,0,user14
7153,25768,0,user11
6586,117572,1,user9
7153,5952,1,user11
6586,6287,0,user9
6586,79293,0,user9
7153,2251,0,user11
7153,118696,1,user11
7153,6539,1,user11
7153,1052,0,user11
6586,112193,0,user9
7153,98809,1,user11
70769,6880,0,user14
6586,128952,0,user9
70769,270,1,user14
70769,130524,1,user14
70769,120637,0,user14
6586,6012,1,user9
107707,88140,0,user2
70769,131262,0,user14
107707,109093,1,user2
70769,48518,0,user14
107707,8273,0,user2
70769,343,1,user14
107707,185,1,user2
107707,54826,0,user2
107707,88028,0,user2
107707,1918,1,user2
107707,94675,1,user2
107707,103228,0,user2
6586,6548,0,user9
107707,88168,1,user2
107707,106064,1,user2
107707,104636,0,user2
72998,56801,0,user11
72998,115664,0,user11
72998,59315,1,user11
72998,93363,0,user11
72998,73017,0,user11
72998,780,1,user11
72998,1852,1,user11
6586,74944,0,user9
47,88028,0,user12
47,50,0,user12
47,31364,0,user12
47,6767,0,user12
47,6168,0,user12
47,318,0,user12
72998,117474,0,user11
47,4354,0,user12
47,129947,0,user12
72998,83575,0,user11
47,69159,0,user12
72998,5999,1,user11
107707,106462,0,user2
47,74944,0,user12
586,99389,1,user14
586,364,0,user14
586,500,0,user14
4232,106214,0,user9
4232,6202,0,user9
4232,79293,0,user9
121115,111659,0,user2
121115,120118,0,user2
586,83337,0,user14
121115,2687,1,user2
586,587,0,user14
121115,57692,0,user2
121115,69644,1,user2
121115,6158,1,user2
121115,119180,0,user2
86880,6318,0,user11
86880,87430,1,user11
86880,53125,1,user11
4232,101904,0,user9
27163,89632,1,user14
86880,120637,1,user11
27163,27131,1,user14
86880,85883,1,user11
4232,1028,0,user9
27163,82097,0,user14
47,69118,0,user12
72998,68358,1,user11
4232,4896,0,user9
121115,120948,1,user2
4232,69495,0,user9
121115,129653,0,user2
121115,47384,0,user2
86880,95875,0,user11
121115,72692,1,user2
4232,87560,0,user9
86880,87520,1,user11
121115,129080,0,user2
86880,1561,0,user11
121115,110655,1,user2
86880,88028,0,user11
121115,1588,1,user2
72998,93563,0,user11
72998,676,0,user11
72998,70286,0,user11
47,296,0,user12
47,119699,0,user12
47,4154,0,user12
72998,79132,0,user11
47,593,1,user12
45722,2949,0,user1
47,26610,0,user12
586,367,0,user14
586,96845,0,user14
45722,45499,0,user1
45722,102951,0,user1
586,91981,0,user14
4232,4016,0,user9
107707,43396,0,user2
107707,231,0,user2
72998,72953,0,user11
45722,41566,1,user1
4232,5504,1,user9
586,101423,0,user14
4232,120637,0,user9
45722,857,0,user1
586,72833,0,user14
4232,99389,0,user9
586,80779,0,user14
586,597,0,user14
4232,4447,0,user9
586,114550,0,user14
4232,72929,0,user9
121115,126749,1,user2
121115,127857,0,user2
86880,95705,0,user11
121115,1222,0,user2
4232,1360,0,user9
4232,5462,0,user9
86880,6539,1,user11
121115,131162,0,user2
86880,129779,0,user11
121115,2078,1,user2
86880,88140,1,user11
86880,1931,1,user11
121115,4990,1,user2
86880,939,1,user11
4232,74271,1,user9
27163,198,0,user14
86880,117527,0,user11
86880,86332,1,user11
27163,109096,1,user14
27163,95,0,user14
86880,780,1,user11
27163,83004,0,user14
86880,48501,0,user11
27163,18,0,user14
27163,76291,0,user14
27163,69,0,user14
27163,101719,0,user14
27163,83339,1,user14
5816,4896,1,user2
27163,25,0,user14
5816,40815,1,user2
5816,54001,1,user2
27163,2985,0,user14
5816,69844,1,user2
27163,83457,1,user14
5816,8368,1,user2
5816,129520,0,user2
5816,81834,1,user2
5816,871,0,user2
5816,130746,0,user2
27163,215,1,user14
5816,86298,0,user2
27163,91844,0,user14
5816,2489,0,user2
27163,34,0,user14
5816,7147,0,user2
27163,82902,1,user14
5816,5952,1,user2
27163,103050,1,user14
5816,6539,0,user2
5816,45517,0,user2
5816,100163,0,user2
5816,3191,0,user2
5816,5349,1,user2
112640,105599,1,user1
5816,95510,1,user2
112594,88028,0,user11
112594,127614,0,user11
112640,112594,0,user1
112594,116911,0,user11
112640,116704,0,user1
112594,112501,1,user11
112594,106193,0,user11
112594,105314,0,user11
112594,27773,0,user11
112594,8812,0,user11
112594,106068,0,user11
63082,58559,0,user11
63082,70286,0,user11
63082,3191,1,user11
100498,45499,0,user2
63082,56367,0,user11
63082,856,0,user11
49272,54286,1,user2
2116,86593,0,user2
69644,62999,1,user14
69644,3400,1,user14
2116,1287,1,user2
36086,34435,0,user11
69644,792,0,user14
36086,79769,0,user11
2116,2193,0,user2
69644,86298,1,user14
105084,5339,0,user14
105084,103303,1,user14
105084,447,0,user14
105084,121133,1,user14
105084,112909,0,user14
105084,480,0,user14
105084,95600,0,user14
105084,116704,0,user14
105084,1270,0,user14
105084,129784,0,user14
105084,78873,0,user14
73017,87430,1,user1
112594,3000,0,user11
112594,128578,0,user11
30793,41566,1,user14
30793,8360,1,user14
100498,5170,1,user2
112594,96144,0,user11
30793,1720,0,user14
112594,1210,0,user11
100498,99910,1,user2
112594,105599,1,user11
30793,7147,0,user14
112594,1200,0,user11
112594,108799,0,user11
112594,112640,1,user11
112594,103406,0,user11
112594,106565,0,user11
112594,78557,0,user11
100498,95705,0,user2
30793,792,0,user14
30793,8368,1,user14
100498,3793,0,user2
30793,871,0,user14
30793,6539,0,user14
100498,101076,1,user2
100498,108330,1,user2
30793,1142,0,user14
100498,70521,0,user2
30793,41569,1,user14
30793,130510,0,user14
30793,34048,0,user14
30793,744,0,user14
63082,273,0,user11
30793,114085,0,user14
63082,89000,0,user11
63082,109397,0,user11
63082,85414,0,user11
30793,37729,1,user14
63082,130588,0,user11
30793,2619,0,user14
63082,191,0,user11
100498,96861,1,user2
30793,45722,0,user14
63082,55253,0,user11
100498,7385,0,user2
100498,55073,1,user2
63082,106214,0,user11
63082,60069,0,user11
100498,8823,1,user2
100498,111362,0,user2
63082,7153,0,user11
63082,89767,0,user11
100498,57378,1,user2
30793,727,0,user14
63082,5762,0,user11
100498,6333,0,user2
30793,40815,1,user14
100498,103810,1,user2
30793,129913,0,user14
100498,96302,1,user2
63082,68157,0,user11
100498,100163,1,user2
100498,103772,0,user2
100498,824,0,user2
63082,90866,0,user11
63082,1877,0,user11
49272,96079,1,user2
49272,109569,1,user2
49272,59315,0,user2
72378,112640,0,user14
49272,58559,0,user2
49272,4891,0,user2
49272,3558,0,user2
72378,1876,1,user14
49272,80736,0,user2
49272,33794,0,user2
72378,79293,0,user14
49272,2949,1,user2
72378,2293,0,user14
49272,44191,1,user2
49272,110508,1,user2
72378,124867,0,user14
49272,983,0,user2
49272,95875,1,user2
112640,91529,1,user1
44191,80295,0,user11
49272,68157,0,user2
44191,1006,0,user11
49272,130642,0,user2
44191,49272,0,user11
72378,81562,0,user14
49272,4455,0,user2
72378,68959,0,user14
112640,112907,0,user1
44191,97042,1,user11
112640,101640,0,user1
44191,95875,1,user11
72378,71530,0,user14
44191,48780,0,user11
112640,115556,0,user1
112640,112909,0,user1
44191,79293,0,user11
72378,48774,0,user14
44191,78097,1,user11
72378,790,0,user14
44191,6874,0,user11
72378,95875,1,user14
72378,68791,1,user14
72378,780,1,user14
72378,67197,1,user14
112640,94864,1,user1
72378,871,0,user14
112640,58559,1,user1
49272,5350,0,user2
49272,48516,1,user2
49272,63113,1,user2
44191,113573,0,user11
112640,76291,0,user1
2116,49817,0,user2
44191,57526,0,user11
2116,5952,1,user2
44191,92257,0,user11
1036,626,0,user14
1036,1198,0,user14
4886,52287,1,user2
4886,6539,0,user2
4886,87876,1,user2
4886,6889,1,user2
4886,130520,1,user2
4886,709,1,user2
4886,5349,0,user2
1036,77896,0,user14
4886,120474,1,user2
1036,115149,0,user14
4886,1141,0,user2
1036,89206,0,user14
4886,95313,1,user2
1036,81788,0,user14
73017,87430,0,user2
73017,1907,0,user2
73017,91542,1,user2
73017,72998,0,user2
73017,79293,1,user2
73017,130382,0,user2
73017,59315,0,user2
73017,77561,0,user2
73017,4853,1,user2
73017,95875,1,user1
73017,69122,0,user1
73017,130510,0,user1
73017,120637,0,user1
73017,1157,0,user1
73017,588,0,user1
73017,72998,0,user1
73017,77561,0,user1
73017,1524,0,user1
73017,130382,0,user1
73017,79293,1,user1
73017,59315,0,user1
44191,112818,0,user11
72378,111993,0,user14
112640,27155,0,user1
72378,102880,1,user14
4993,2959,0,user2
72378,69526,0,user14
72378,57368,0,user14
72378,5828,0,user14
44191,1142,0,user11
2116,118696,1,user2
44191,52806,0,user11
2116,26416,0,user2
2116,63859,0,user2
44191,32587,1,user11
2116,2140,0,user2
44191,96610,1,user11
2116,826,0,user2
44191,88003,1,user11
2116,2105,0,user2
44191,104076,0,user11
44191,33794,0,user11
2116,2968,1,user2
2116,69118,0,user2
2116,106489,1,user2
2116,871,0,user2
69644,5218,1,user14
2116,2021,1,user2
69644,127054,1,user14
2116,26334,0,user2
69644,2603,0,user14
2116,129358,1,user2
69644,4990,1,user14
36086,351,0,user11
2116,7153,1,user2
69644,96498,1,user14
36086,27163,1,user11
69644,685,0,user14
36086,264,0,user11
69644,6889,1,user14
36086,74426,1,user11
69644,95543,1,user14
112640,106064,0,user1
36086,120138,1,user11
69644,8045,0,user14
36086,78408,1,user11
69644,60514,1,user14
36086,144,0,user11
36086,83004,0,user11
69644,8740,0,user14
36086,116823,0,user11
69644,45517,1,user14
36086,56167,1,user11
69644,480,0,user14
69644,5936,0,user14
69644,709,1,user14
69644,44022,1,user14
101142,6889,1,user2
101142,102720,1,user2
101142,97225,1,user2
36086,187,0,user11
101142,69436,0,user2
36086,6884,0,user11
101142,4761,0,user2
101142,106696,1,user2
101142,709,1,user2
36086,69136,1,user11
101142,5427,0,user2
36086,1941,0,user11
101142,5218,1,user2
36086,73900,1,user11
36086,760,1,user11
36086,71688,1,user11
36086,378,1,user11
101142,104076,1,user2
101142,57873,0,user2
101142,3243,0,user2
101142,103335,1,user2
101142,2687,1,user2
101142,615,0,user2
112640,5618,0,user1
101142,7389,0,user2
112640,112852,0,user1
101142,113071,1,user2
101142,103141,1,user2
101142,108825,0,user2
112640,108046,0,user1
101142,3790,0,user2
112640,108156,0,user1
112640,36086,0,user1
112640,53972,1,user1
112640,88140,1,user1
73017,115149,1,user1
73017,1907,0,user1
73017,1776,0,user1
73017,91542,1,user1
73017,120635,1,user1
105084,86298,0,user14
105084,2571,0,user14
105084,78557,0,user14
105084,112907,0,user14
105084,63082,0,user14
105084,108046,0,user14
105084,88065,1,user14
105084,1210,0,user14
1036,1370,1,user14
1036,1291,1,user14
1036,61035,0,user14
1036,26401,0,user14
1036,120635,1,user14
1036,130036,0,user14
1036,78097,0,user14
1036,1196,0,user14
4886,45517,1,user2
1036,4354,1,user14
4886,100588,0,user2
1036,26337,0,user14
4886,4306,1,user2
4886,5218,1,user2
4886,3381,0,user2
1036,1240,0,user14
1036,74944,1,user14
4886,46808,0,user2
1036,79775,0,user14
4886,1907,1,user2
1036,95875,1,user14
4886,8961,1,user2
4886,3828,0,user2
73017,129937,1,user1
73017,120635,1,user2
73017,1524,0,user2
73017,120637,1,user2
73017,129937,1,user2
73017,130510,0,user2
73017,1776,0,user2
73017,115149,1,user2
73017,95875,1,user2
73017,69122,0,user2
73017,588,0,user2
73017,1157,0,user2
73017,4853,1,user1
56367,53161,1,user1
33794,7153,1,user1
33794,130520,0,user1
33794,8636,1,user1
33794,58559,1,user1
33794,1815,0,user1
33794,44191,0,user1
33794,49272,1,user1
33794,5952,1,user1
33794,2588,0,user1
33794,6539,1,user1
33794,2438,0,user1
33794,130804,0,user1
33794,5418,0,user1
33794,3332,0,user1
33794,8961,0,user1
33794,791,0,user1
33794,4134,0,user1
33794,96933,0,user1
33794,32587,0,user1
33794,4455,0,user1
1704,90866,0,user1
1704,96227,0,user1
1704,2762,0,user1
1704,4902,0,user1
1704,83158,0,user1
1704,96569,1,user1
1704,1961,0,user1
1704,5633,0,user1
1704,52108,0,user1
1704,103984,0,user1
1704,92257,0,user1
1704,52956,0,user1
1704,8707,0,user1
1704,1682,0,user1
1704,1784,0,user1
1704,247,0,user1
1704,91333,0,user1
1704,2028,0,user1
1704,36527,1,user1
1704,104249,0,user1
36086,34435,0,user1
36086,79769,0,user1
36086,351,0,user1
36086,27163,1,user1
36086,264,0,user1
36086,74426,0,user1
36086,120138,0,user1
36086,78408,0,user1
36086,71688,1,user1
36086,83004,0,user1
36086,116823,0,user1
36086,56167,1,user1
36086,187,0,user1
36086,378,0,user1
36086,760,0,user1
36086,73900,0,user1
36086,144,0,user1
36086,6884,0,user1
36086,69136,0,user1
36086,1941,0,user1
5349,52722,1,user8
5349,8636,1,user8
5349,130328,0,user8
5349,3793,0,user8
5349,1101,0,user8
5349,6501,0,user8
5349,95510,1,user8
5349,5445,0,user8
5349,110553,1,user8
5349,4993,0,user8
5349,130804,0,user8
5349,6539,0,user8
5349,25745,0,user8
5349,1789,0,user8
5349,86332,0,user8
5349,6333,0,user8
5349,4990,0,user8
68954,60069,1,user8
68954,78499,1,user8
68954,79132,0,user8
68954,1907,1,user8
68954,72998,1,user8
68954,588,1,user8
68954,1566,1,user8
68954,50872,1,user8
68954,124859,0,user8
68954,4277,1,user8
68954,1704,0,user8
68954,4519,1,user8
68954,68524,0,user8
68954,2438,0,user8
108548,103277,0,user8
108548,110387,0,user8
108548,103212,0,user8
108548,102160,0,user8
108548,107484,0,user8
108548,641,0,user8
108548,112309,0,user8
108548,126426,0,user8
108548,109008,0,user8
108548,115279,0,user8
108548,120132,0,user8
108548,295,0,user8
108548,27008,0,user8
108548,554,0,user8
108548,108901,0,user8
108548,26856,0,user8
106489,4993,1,user8
106489,118696,1,user8
106489,5952,1,user8
106489,110102,0,user8
106489,106487,1,user8
106489,7153,1,user8
106489,98809,1,user8
106489,102125,0,user8
106489,1724,0,user8
106489,120518,0,user8
106489,3803,0,user8
106489,1444,0,user8
106489,102445,0,user8
106489,2116,1,user8
106489,106072,0,user8
106489,1118,0,user8
106489,1664,0,user8
106489,26403,0,user8
106489,77979,0,user8
106489,7279,0,user8
6377,4886,1,user8
6377,45517,1,user8
364,26266,0,user8
364,783,1,user8
364,6889,0,user8
364,101952,0,user8
364,480,0,user8
364,116941,0,user8
364,595,0,user8
364,60880,0,user8
364,377,0,user8
106696,48,1,user8
106696,103141,1,user8
106696,588,1,user8
106696,103335,1,user8
106696,130073,1,user8
49286,51084,1,user8
6377,8961,1,user8
6377,4306,1,user8
6377,6539,0,user8
6377,1781,0,user8
6377,4016,0,user8
6377,87876,1,user8
6377,2980,0,user8
6377,60259,0,user8
6377,7153,0,user8
6377,1566,1,user8
6377,86298,1,user8
6377,2251,0,user8
6377,5952,0,user8
6377,114085,0,user8
6377,2123,0,user8
6377,2588,0,user8
6377,106011,0,user8
6377,95313,0,user8
364,1907,1,user8
364,588,1,user8
364,118872,0,user8
364,130073,1,user8
364,709,1,user8
364,500,0,user8
364,356,0,user8
364,106696,1,user8
364,48,1,user8
364,367,0,user8
364,26402,0,user8
106696,109399,0,user8
106696,106487,0,user8
106696,756,0,user8
106696,76169,0,user8
106696,119563,0,user8
106696,95705,0,user8
106696,97913,1,user8
106696,56152,1,user8
106696,1062,0,user8
106696,1907,1,user8
106696,95167,1,user8
106696,95875,0,user8
106696,595,1,user8
106696,108932,1,user8
106696,129935,0,user8
81847,130073,1,user8
81847,79091,1,user8
81847,96069,1,user8
81847,104076,1,user8
81847,2096,1,user8
81847,595,1,user8
81847,1102,0,user8
81847,106696,1,user8
81847,81564,0,user8
81847,81834,0,user8
81847,588,1,user8
81847,871,0,user8
81847,130510,0,user8
81847,71168,0,user8
81847,95705,0,user8
81847,78499,1,user8
81847,1907,1,user8
81847,76093,1,user8
81847,404,0,user8
81847,109173,0,user8
96079,1851,0,user8
96079,63113,1,user8
96079,79293,1,user8
96079,96610,1,user8
96079,864,0,user8
96079,86785,0,user8
96079,98809,0,user8
96079,124843,0,user8
96079,91529,0,user8
96079,117752,0,user8
96079,89745,1,user8
96079,1107,0,user8
96079,129432,0,user8
96079,114182,0,user8
96079,102445,1,user8
96079,5040,1,user8
96079,50641,0,user8
96079,129013,0,user8
96079,7113,0,user8
7153,4993,1,user8
7153,5952,1,user8
7153,98809,1,user8
7153,118696,1,user8
7153,1764,0,user8
7153,2571,0,user8
7153,4306,0,user8
1721,82235,0,user8
1721,1580,0,user8
1721,109487,1,user8
1721,118916,1,user8
1721,131122,0,user8
1721,78222,0,user8
1721,2762,0,user8
1721,57368,1,user8
1721,86785,0,user8
1721,70661,0,user8
1721,1704,0,user8
1721,2028,0,user8
1721,780,0,user8
1721,53125,0,user8
1721,88044,0,user8
1721,3583,0,user8
1721,1682,0,user8
1721,87518,0,user8
1721,46808,0,user8
1721,109203,0,user8
7153,6539,1,user8
7153,111659,1,user8
7153,33794,1,user8
7153,5611,0,user8
7153,25768,0,user8
7153,130768,0,user8
7153,2251,0,user8
7153,104312,0,user8
7153,1052,0,user8
7153,4438,0,user8
7153,826,0,user8
49286,4246,0,user8
49286,25952,0,user8
49286,6546,0,user8
49286,69406,1,user8
49286,317,0,user8
49286,45720,0,user8
49286,36525,1,user8
49286,2309,0,user8
49286,5802,0,user8
49286,3988,0,user8
49286,56949,1,user8
49286,7808,0,user8
49286,514,0,user8
49286,129370,0,user8
49286,5170,0,user8
49286,128922,0,user8
49286,1359,0,user8
49286,2129,0,user8
49286,1903,0,user8
